eil51_n150_uncorr_03.ttp;10618
eil51_n150_uncorr_03.ttp;10618
eil51_n150_uncorr_07.ttp;11489
eil51_n500_uncorr-similar-weights_03.ttp;22659
d2103_n6306_uncorr-similar-weights_03.ttp;355940
d2103_n6306_uncorr-similar-weights_03.ttp;355938
d2103_n6306_uncorr-similar-weights_03.ttp;355943
d2103_n6306_uncorr-similar-weights_03.ttp;355941
d2103_n6306_uncorr-similar-weights_03.ttp;355940
d2103_n6306_uncorr-similar-weights_03.ttp;355941
d2103_n6306_uncorr-similar-weights_03.ttp;355943
d2103_n6306_uncorr-similar-weights_03.ttp;355937
d2103_n6306_uncorr-similar-weights_03.ttp;355944
d2103_n6306_uncorr-similar-weights_03.ttp;355940
eil51_n500_uncorr-similar-weights_03.ttp;22659
d2103_n6306_uncorr-similar-weights_07.ttp;645441
d2103_n6306_uncorr-similar-weights_07.ttp;645446
d2103_n6306_uncorr-similar-weights_07.ttp;645444
d2103_n6306_uncorr-similar-weights_07.ttp;645443
d2103_n6306_uncorr-similar-weights_07.ttp;645443
d2103_n6306_uncorr-similar-weights_07.ttp;645445
d2103_n6306_uncorr-similar-weights_07.ttp;645442
d2103_n6306_uncorr-similar-weights_07.ttp;645444
d2103_n6306_uncorr-similar-weights_07.ttp;645444
d2103_n6306_uncorr-similar-weights_07.ttp;645443
eil51_n500_uncorr-similar-weights_03.ttp;22659
d2103_n21020_uncorr_03.ttp;1904976
d2103_n21020_uncorr_03.ttp;1904972
d2103_n21020_uncorr_03.ttp;1904973
d2103_n21020_uncorr_03.ttp;1904971
d2103_n21020_uncorr_03.ttp;1904975
d2103_n21020_uncorr_03.ttp;1904974
d2103_n21020_uncorr_03.ttp;1904974
d2103_n21020_uncorr_03.ttp;1904974
d2103_n21020_uncorr_03.ttp;1904975
d2103_n21020_uncorr_03.ttp;1904972
eil51_n500_uncorr-similar-weights_03.ttp;22659
d2103_n21020_uncorr_07.ttp;2729733
d2103_n21020_uncorr_07.ttp;2729731
d2103_n21020_uncorr_07.ttp;2729729
d2103_n21020_uncorr_07.ttp;2729724
d2103_n21020_uncorr_07.ttp;2729729
d2103_n21020_uncorr_07.ttp;2729729
d2103_n21020_uncorr_07.ttp;2729730
d2103_n21020_uncorr_07.ttp;2729727
d2103_n21020_uncorr_07.ttp;2729726
d2103_n21020_uncorr_07.ttp;2729736
eil51_n500_uncorr-similar-weights_03.ttp;22659
d2103_n21020_bounded-strongly-corr_03.ttp;2636548
d2103_n21020_bounded-strongly-corr_03.ttp;2636545
d2103_n21020_bounded-strongly-corr_03.ttp;2636548
d2103_n21020_bounded-strongly-corr_03.ttp;2640289
d2103_n21020_bounded-strongly-corr_03.ttp;2640279
d2103_n21020_bounded-strongly-corr_03.ttp;2636553
d2103_n21020_bounded-strongly-corr_03.ttp;2636546
d2103_n21020_bounded-strongly-corr_03.ttp;2640303
d2103_n21020_bounded-strongly-corr_03.ttp;2640294
d2103_n21020_bounded-strongly-corr_03.ttp;2640301
eil51_n500_uncorr-similar-weights_03.ttp;22585
d2103_n21020_bounded-strongly-corr_07.ttp;4140981
d2103_n21020_bounded-strongly-corr_07.ttp;4140974
d2103_n21020_bounded-strongly-corr_07.ttp;4140971
d2103_n21020_bounded-strongly-corr_07.ttp;4140975
d2103_n21020_bounded-strongly-corr_07.ttp;4140988
d2103_n21020_bounded-strongly-corr_07.ttp;4140988
d2103_n21020_bounded-strongly-corr_07.ttp;4140982
d2103_n21020_bounded-strongly-corr_07.ttp;4140991
d2103_n21020_bounded-strongly-corr_07.ttp;4140982
d2103_n21020_bounded-strongly-corr_07.ttp;4140977
eil51_n500_uncorr-similar-weights_03.ttp;22659
d2103_n21020_uncorr-similar-weights_03.ttp;1193299
d2103_n21020_uncorr-similar-weights_03.ttp;1193294
d2103_n21020_uncorr-similar-weights_03.ttp;1193292
d2103_n21020_uncorr-similar-weights_03.ttp;1193292
d2103_n21020_uncorr-similar-weights_03.ttp;1193297
d2103_n21020_uncorr-similar-weights_03.ttp;1193292
d2103_n21020_uncorr-similar-weights_03.ttp;1193304
d2103_n21020_uncorr-similar-weights_03.ttp;1193306
d2103_n21020_uncorr-similar-weights_03.ttp;1193300
d2103_n21020_uncorr-similar-weights_03.ttp;1193285
eil51_n500_uncorr-similar-weights_03.ttp;22659
d2103_n21020_uncorr-similar-weights_07.ttp;2118895
d2103_n21020_uncorr-similar-weights_07.ttp;2118902
d2103_n21020_uncorr-similar-weights_07.ttp;2118900
d2103_n21020_uncorr-similar-weights_07.ttp;2118898
d2103_n21020_uncorr-similar-weights_07.ttp;2118899
d2103_n21020_uncorr-similar-weights_07.ttp;2118896
d2103_n21020_uncorr-similar-weights_07.ttp;2118903
d2103_n21020_uncorr-similar-weights_07.ttp;2118904
d2103_n21020_uncorr-similar-weights_07.ttp;2118901
d2103_n21020_uncorr-similar-weights_07.ttp;2118894
eil51_n500_uncorr-similar-weights_03.ttp;22659
rl5934_n17799_uncorr_03.ttp;1760755
rl5934_n17799_uncorr_03.ttp;1760484
rl5934_n17799_uncorr_03.ttp;1760673
rl5934_n17799_uncorr_03.ttp;1732381
rl5934_n17799_uncorr_03.ttp;1732385
rl5934_n17799_uncorr_03.ttp;1732376
rl5934_n17799_uncorr_03.ttp;1732375
rl5934_n17799_uncorr_03.ttp;1732379
rl5934_n17799_uncorr_03.ttp;1732380
rl5934_n17799_uncorr_03.ttp;1760673
eil51_n500_uncorr-similar-weights_03.ttp;22659
rl5934_n17799_uncorr_07.ttp;2390191
rl5934_n17799_uncorr_07.ttp;2438014
rl5934_n17799_uncorr_07.ttp;2438030
rl5934_n17799_uncorr_07.ttp;2390184
rl5934_n17799_uncorr_07.ttp;2438020
rl5934_n17799_uncorr_07.ttp;2438018
rl5934_n17799_uncorr_07.ttp;2438020
rl5934_n17799_uncorr_07.ttp;2438015
rl5934_n17799_uncorr_07.ttp;2438027
rl5934_n17799_uncorr_07.ttp;2438015
eil51_n150_uncorr_07.ttp;11489
eil51_n500_uncorr-similar-weights_07.ttp;35878
rl5934_n17799_bounded-strongly-corr_03.ttp;2543710
rl5934_n17799_bounded-strongly-corr_03.ttp;2543683
rl5934_n17799_bounded-strongly-corr_03.ttp;2543690
rl5934_n17799_bounded-strongly-corr_03.ttp;2543698
rl5934_n17799_bounded-strongly-corr_03.ttp;2549992
rl5934_n17799_bounded-strongly-corr_03.ttp;2543694
rl5934_n17799_bounded-strongly-corr_03.ttp;2550009
rl5934_n17799_bounded-strongly-corr_03.ttp;2550000
rl5934_n17799_bounded-strongly-corr_03.ttp;2543705
rl5934_n17799_bounded-strongly-corr_03.ttp;2550007
eil51_n500_uncorr-similar-weights_07.ttp;35878
rl5934_n17799_bounded-strongly-corr_07.ttp;3962696
rl5934_n17799_bounded-strongly-corr_07.ttp;3962683
rl5934_n17799_bounded-strongly-corr_07.ttp;3962692
rl5934_n17799_bounded-strongly-corr_07.ttp;3962687
rl5934_n17799_bounded-strongly-corr_07.ttp;4100247
rl5934_n17799_bounded-strongly-corr_07.ttp;3962694
rl5934_n17799_bounded-strongly-corr_07.ttp;4100223
rl5934_n17799_bounded-strongly-corr_07.ttp;3962694
rl5934_n17799_bounded-strongly-corr_07.ttp;3962694
rl5934_n17799_bounded-strongly-corr_07.ttp;3962683
eil51_n500_uncorr-similar-weights_07.ttp;35878
rl5934_n17799_uncorr-similar-weights_03.ttp;1241535
rl5934_n17799_uncorr-similar-weights_03.ttp;1241543
rl5934_n17799_uncorr-similar-weights_03.ttp;1241549
rl5934_n17799_uncorr-similar-weights_03.ttp;1184648
rl5934_n17799_uncorr-similar-weights_03.ttp;1184652
rl5934_n17799_uncorr-similar-weights_03.ttp;1241554
rl5934_n17799_uncorr-similar-weights_03.ttp;1241539
rl5934_n17799_uncorr-similar-weights_03.ttp;1241550
rl5934_n17799_uncorr-similar-weights_03.ttp;1241541
rl5934_n17799_uncorr-similar-weights_03.ttp;1241552
eil51_n500_uncorr-similar-weights_07.ttp;35878
rl5934_n17799_uncorr-similar-weights_07.ttp;1956374
rl5934_n17799_uncorr-similar-weights_07.ttp;1956362
rl5934_n17799_uncorr-similar-weights_07.ttp;2003749
rl5934_n17799_uncorr-similar-weights_07.ttp;2003759
rl5934_n17799_uncorr-similar-weights_07.ttp;1956370
rl5934_n17799_uncorr-similar-weights_07.ttp;1956367
rl5934_n17799_uncorr-similar-weights_07.ttp;1956366
rl5934_n17799_uncorr-similar-weights_07.ttp;2003755
rl5934_n17799_uncorr-similar-weights_07.ttp;2003753
rl5934_n17799_uncorr-similar-weights_07.ttp;1956373
eil51_n500_uncorr-similar-weights_07.ttp;35878
rl5934_n59330_uncorr_03.ttp;5720817
rl5934_n59330_uncorr_03.ttp;5720839
rl5934_n59330_uncorr_03.ttp;5879484
rl5934_n59330_uncorr_03.ttp;5880605
rl5934_n59330_uncorr_03.ttp;5879531
rl5934_n59330_uncorr_03.ttp;5880641
rl5934_n59330_uncorr_03.ttp;5879597
rl5934_n59330_uncorr_03.ttp;5879469
rl5934_n59330_uncorr_03.ttp;5879474
rl5934_n59330_uncorr_03.ttp;5879466
eil51_n500_uncorr-similar-weights_07.ttp;35878
rl5934_n59330_uncorr_07.ttp;7942816
rl5934_n59330_uncorr_07.ttp;8162364
rl5934_n59330_uncorr_07.ttp;7942833
rl5934_n59330_uncorr_07.ttp;8162385
rl5934_n59330_uncorr_07.ttp;8162361
rl5934_n59330_uncorr_07.ttp;8162379
rl5934_n59330_uncorr_07.ttp;8162387
rl5934_n59330_uncorr_07.ttp;8162373
rl5934_n59330_uncorr_07.ttp;7942818
rl5934_n59330_uncorr_07.ttp;8162387
eil51_n500_uncorr-similar-weights_07.ttp;35878
rl5934_n59330_bounded-strongly-corr_03.ttp;8554310
rl5934_n59330_bounded-strongly-corr_03.ttp;8554378
rl5934_n59330_bounded-strongly-corr_03.ttp;8534185
rl5934_n59330_bounded-strongly-corr_03.ttp;8534160
rl5934_n59330_bounded-strongly-corr_03.ttp;8532626
rl5934_n59330_bounded-strongly-corr_03.ttp;8554462
rl5934_n59330_bounded-strongly-corr_03.ttp;8554349
rl5934_n59330_bounded-strongly-corr_03.ttp;8532535
rl5934_n59330_bounded-strongly-corr_03.ttp;8532707
rl5934_n59330_bounded-strongly-corr_03.ttp;8533804
eil51_n500_uncorr-similar-weights_07.ttp;35878
rl5934_n59330_bounded-strongly-corr_07.ttp;13211596
rl5934_n59330_bounded-strongly-corr_07.ttp;13211582
rl5934_n59330_bounded-strongly-corr_07.ttp;13211604
rl5934_n59330_bounded-strongly-corr_07.ttp;13211601
rl5934_n59330_bounded-strongly-corr_07.ttp;13211577
rl5934_n59330_bounded-strongly-corr_07.ttp;13211631
rl5934_n59330_bounded-strongly-corr_07.ttp;12948877
rl5934_n59330_bounded-strongly-corr_07.ttp;13211582
rl5934_n59330_bounded-strongly-corr_07.ttp;12948839
rl5934_n59330_bounded-strongly-corr_07.ttp;13211624
eil51_n500_uncorr-similar-weights_07.ttp;35878
rl5934_n59330_uncorr-similar-weights_03.ttp;4012664
rl5934_n59330_uncorr-similar-weights_03.ttp;3907779
rl5934_n59330_uncorr-similar-weights_03.ttp;3907787
rl5934_n59330_uncorr-similar-weights_03.ttp;4012667
rl5934_n59330_uncorr-similar-weights_03.ttp;4012686
rl5934_n59330_uncorr-similar-weights_03.ttp;4012672
rl5934_n59330_uncorr-similar-weights_03.ttp;4012685
rl5934_n59330_uncorr-similar-weights_03.ttp;3907795
rl5934_n59330_uncorr-similar-weights_03.ttp;3907780
rl5934_n59330_uncorr-similar-weights_03.ttp;4012680
eil51_n500_uncorr-similar-weights_07.ttp;35878
rl5934_n59330_uncorr-similar-weights_07.ttp;6634192
rl5934_n59330_uncorr-similar-weights_07.ttp;6634184
rl5934_n59330_uncorr-similar-weights_07.ttp;6634186
rl5934_n59330_uncorr-similar-weights_07.ttp;6425899
rl5934_n59330_uncorr-similar-weights_07.ttp;6634192
rl5934_n59330_uncorr-similar-weights_07.ttp;6634177
rl5934_n59330_uncorr-similar-weights_07.ttp;6425898
rl5934_n59330_uncorr-similar-weights_07.ttp;6425900
rl5934_n59330_uncorr-similar-weights_07.ttp;6425891
rl5934_n59330_uncorr-similar-weights_07.ttp;6425894
eil51_n150_uncorr_07.ttp;11489
kroC100_n297_uncorr_03.ttp;24401
pla85900_n257697_uncorr_03.ttp;23111666
pla85900_n257697_uncorr_03.ttp;23111666
pla85900_n257697_uncorr_03.ttp;23111666
pla85900_n257697_uncorr_03.ttp;23111666
pla85900_n257697_uncorr_03.ttp;23111666
pla85900_n257697_uncorr_03.ttp;23111666
pla85900_n257697_uncorr_03.ttp;23135221
pla85900_n257697_uncorr_03.ttp;23135221
pla85900_n257697_uncorr_03.ttp;23135221
pla85900_n257697_uncorr_03.ttp;23111666
kroC100_n297_uncorr_03.ttp;24401
pla85900_n257697_uncorr_07.ttp;31168868
pla85900_n257697_uncorr_07.ttp;31168868
pla85900_n257697_uncorr_07.ttp;31168868
pla85900_n257697_uncorr_07.ttp;31168868
pla85900_n257697_uncorr_07.ttp;31168868
pla85900_n257697_uncorr_07.ttp;31145372
pla85900_n257697_uncorr_07.ttp;31168868
pla85900_n257697_uncorr_07.ttp;31168868
pla85900_n257697_uncorr_07.ttp;31168868
pla85900_n257697_uncorr_07.ttp;31168868
kroC100_n297_uncorr_03.ttp;24401
pla85900_n257697_bounded-strongly-corr_03.ttp;30352504
pla85900_n257697_bounded-strongly-corr_03.ttp;30264454
pla85900_n257697_bounded-strongly-corr_03.ttp;30526603
pla85900_n257697_bounded-strongly-corr_03.ttp;30334066
pla85900_n257697_bounded-strongly-corr_03.ttp;30397413
pla85900_n257697_bounded-strongly-corr_03.ttp;30407885
pla85900_n257697_bounded-strongly-corr_03.ttp;30354392
pla85900_n257697_bounded-strongly-corr_03.ttp;30280490
pla85900_n257697_bounded-strongly-corr_03.ttp;30527211
pla85900_n257697_bounded-strongly-corr_03.ttp;30479709
kroC100_n297_uncorr_03.ttp;24401
pla85900_n257697_bounded-strongly-corr_07.ttp;47044153
pla85900_n257697_bounded-strongly-corr_07.ttp;47011444
pla85900_n257697_bounded-strongly-corr_07.ttp;46828527
pla85900_n257697_bounded-strongly-corr_07.ttp;46823672
pla85900_n257697_bounded-strongly-corr_07.ttp;47021134
pla85900_n257697_bounded-strongly-corr_07.ttp;46925779
pla85900_n257697_bounded-strongly-corr_07.ttp;46940809
pla85900_n257697_bounded-strongly-corr_07.ttp;46839041
pla85900_n257697_bounded-strongly-corr_07.ttp;46896997
pla85900_n257697_bounded-strongly-corr_07.ttp;47026389
kroC100_n297_uncorr_03.ttp;24401
pla85900_n257697_uncorr-similar-weights_03.ttp;13481205
pla85900_n257697_uncorr-similar-weights_03.ttp;13481205
pla85900_n257697_uncorr-similar-weights_03.ttp;13481205
pla85900_n257697_uncorr-similar-weights_03.ttp;13481205
pla85900_n257697_uncorr-similar-weights_03.ttp;13481205
pla85900_n257697_uncorr-similar-weights_03.ttp;13481205
pla85900_n257697_uncorr-similar-weights_03.ttp;13463047
pla85900_n257697_uncorr-similar-weights_03.ttp;13463047
pla85900_n257697_uncorr-similar-weights_03.ttp;13463047
pla85900_n257697_uncorr-similar-weights_03.ttp;13463047
kroC100_n297_uncorr_03.ttp;24401
pla85900_n257697_uncorr-similar-weights_07.ttp;23883521
pla85900_n257697_uncorr-similar-weights_07.ttp;23883521
pla85900_n257697_uncorr-similar-weights_07.ttp;23883521
pla85900_n257697_uncorr-similar-weights_07.ttp;23883521
pla85900_n257697_uncorr-similar-weights_07.ttp;23883521
pla85900_n257697_uncorr-similar-weights_07.ttp;23883521
pla85900_n257697_uncorr-similar-weights_07.ttp;23883521
pla85900_n257697_uncorr-similar-weights_07.ttp;23883521
pla85900_n257697_uncorr-similar-weights_07.ttp;23883521
pla85900_n257697_uncorr-similar-weights_07.ttp;23854268
kroC100_n297_uncorr_03.ttp;24401
pla85900_n858990_uncorr_03.ttp;75268816
pla85900_n858990_uncorr_03.ttp;75226756
pla85900_n858990_uncorr_03.ttp;75226756
pla85900_n858990_uncorr_03.ttp;75268816
pla85900_n858990_uncorr_03.ttp;75268816
pla85900_n858990_uncorr_03.ttp;75268816
pla85900_n858990_uncorr_03.ttp;75268816
pla85900_n858990_uncorr_03.ttp;75268816
pla85900_n858990_uncorr_03.ttp;75268816
pla85900_n858990_uncorr_03.ttp;75268816
kroC100_n297_uncorr_03.ttp;24401
pla85900_n858990_uncorr_07.ttp;105335024
pla85900_n858990_uncorr_07.ttp;105335024
pla85900_n858990_uncorr_07.ttp;105335024
pla85900_n858990_uncorr_07.ttp;105335024
pla85900_n858990_uncorr_07.ttp;105335024
pla85900_n858990_uncorr_07.ttp;105335024
pla85900_n858990_uncorr_07.ttp;105335024
pla85900_n858990_uncorr_07.ttp;105335024
pla85900_n858990_uncorr_07.ttp;105335024
pla85900_n858990_uncorr_07.ttp;105335024
kroC100_n297_uncorr_03.ttp;24401
pla85900_n858990_bounded-strongly-corr_03.ttp;95832533
pla85900_n858990_bounded-strongly-corr_03.ttp;96149923
pla85900_n858990_bounded-strongly-corr_03.ttp;95812782
pla85900_n858990_bounded-strongly-corr_03.ttp;96108126
pla85900_n858990_bounded-strongly-corr_03.ttp;96178809
pla85900_n858990_bounded-strongly-corr_03.ttp;95773066
pla85900_n858990_bounded-strongly-corr_03.ttp;95792349
pla85900_n858990_bounded-strongly-corr_03.ttp;95772040
pla85900_n858990_bounded-strongly-corr_03.ttp;95761497
pla85900_n858990_bounded-strongly-corr_03.ttp;96189197
kroC100_n297_uncorr_03.ttp;24401
pla85900_n858990_bounded-strongly-corr_07.ttp;151291262
pla85900_n858990_bounded-strongly-corr_07.ttp;151245387
pla85900_n858990_bounded-strongly-corr_07.ttp;151236762
pla85900_n858990_bounded-strongly-corr_07.ttp;151222175
pla85900_n858990_bounded-strongly-corr_07.ttp;151264321
pla85900_n858990_bounded-strongly-corr_07.ttp;151284649
pla85900_n858990_bounded-strongly-corr_07.ttp;151054577
pla85900_n858990_bounded-strongly-corr_07.ttp;151260865
pla85900_n858990_bounded-strongly-corr_07.ttp;151512088
pla85900_n858990_bounded-strongly-corr_07.ttp;151541493
eil51_n150_uncorr_07.ttp;11489
kroC100_n297_uncorr_07.ttp;41723
pla85900_n858990_uncorr-similar-weights_03.ttp;48665201
pla85900_n858990_uncorr-similar-weights_03.ttp;48665201
pla85900_n858990_uncorr-similar-weights_03.ttp;48665201
pla85900_n858990_uncorr-similar-weights_03.ttp;48665201
pla85900_n858990_uncorr-similar-weights_03.ttp;48665201
pla85900_n858990_uncorr-similar-weights_03.ttp;48665201
pla85900_n858990_uncorr-similar-weights_03.ttp;48665201
pla85900_n858990_uncorr-similar-weights_03.ttp;48665201
pla85900_n858990_uncorr-similar-weights_03.ttp;48665201
pla85900_n858990_uncorr-similar-weights_03.ttp;48665201
kroC100_n297_uncorr_07.ttp;41723
pla85900_n858990_uncorr-similar-weights_07.ttp;82398242
pla85900_n858990_uncorr-similar-weights_07.ttp;82398242
pla85900_n858990_uncorr-similar-weights_07.ttp;82398242
pla85900_n858990_uncorr-similar-weights_07.ttp;82398242
pla85900_n858990_uncorr-similar-weights_07.ttp;82398242
pla85900_n858990_uncorr-similar-weights_07.ttp;82398242
pla85900_n858990_uncorr-similar-weights_07.ttp;82398242
pla85900_n858990_uncorr-similar-weights_07.ttp;82398242
pla85900_n858990_uncorr-similar-weights_07.ttp;82273310
pla85900_n858990_uncorr-similar-weights_07.ttp;82398242
kroC100_n297_uncorr_07.ttp;41723
kroC100_n297_uncorr_07.ttp;41723
kroC100_n297_uncorr_07.ttp;41723
kroC100_n297_uncorr_07.ttp;41723
kroC100_n297_uncorr_07.ttp;41723
kroC100_n297_uncorr_07.ttp;39758
kroC100_n297_uncorr_07.ttp;41723
kroC100_n297_uncorr_07.ttp;41723
eil51_n150_uncorr_07.ttp;11489
kroC100_n297_bounded-strongly-corr_03.ttp;45223
kroC100_n297_bounded-strongly-corr_03.ttp;45223
kroC100_n297_bounded-strongly-corr_03.ttp;45223
kroC100_n297_bounded-strongly-corr_03.ttp;45223
kroC100_n297_bounded-strongly-corr_03.ttp;45223
kroC100_n297_bounded-strongly-corr_03.ttp;45223
kroC100_n297_bounded-strongly-corr_03.ttp;45223
kroC100_n297_bounded-strongly-corr_03.ttp;45223
kroC100_n297_bounded-strongly-corr_03.ttp;45223
kroC100_n297_bounded-strongly-corr_03.ttp;45223
eil51_n150_uncorr_07.ttp;11489
kroC100_n297_bounded-strongly-corr_07.ttp;55395
kroC100_n297_bounded-strongly-corr_07.ttp;55395
kroC100_n297_bounded-strongly-corr_07.ttp;55395
kroC100_n297_bounded-strongly-corr_07.ttp;55395
kroC100_n297_bounded-strongly-corr_07.ttp;55395
kroC100_n297_bounded-strongly-corr_07.ttp;55395
kroC100_n297_bounded-strongly-corr_07.ttp;55395
kroC100_n297_bounded-strongly-corr_07.ttp;55395
kroC100_n297_bounded-strongly-corr_07.ttp;55395
kroC100_n297_bounded-strongly-corr_07.ttp;55395
eil51_n150_uncorr_07.ttp;11489
kroC100_n297_uncorr-similar-weights_03.ttp;21402
kroC100_n297_uncorr-similar-weights_03.ttp;21402
kroC100_n297_uncorr-similar-weights_03.ttp;21402
kroC100_n297_uncorr-similar-weights_03.ttp;21402
kroC100_n297_uncorr-similar-weights_03.ttp;21402
kroC100_n297_uncorr-similar-weights_03.ttp;21402
kroC100_n297_uncorr-similar-weights_03.ttp;21402
kroC100_n297_uncorr-similar-weights_03.ttp;21402
kroC100_n297_uncorr-similar-weights_03.ttp;21402
kroC100_n297_uncorr-similar-weights_03.ttp;21402
eil51_n150_uncorr_07.ttp;11489
kroC100_n297_uncorr-similar-weights_07.ttp;32622
kroC100_n297_uncorr-similar-weights_07.ttp;32622
kroC100_n297_uncorr-similar-weights_07.ttp;32622
kroC100_n297_uncorr-similar-weights_07.ttp;32622
kroC100_n297_uncorr-similar-weights_07.ttp;32622
kroC100_n297_uncorr-similar-weights_07.ttp;32622
kroC100_n297_uncorr-similar-weights_07.ttp;32622
kroC100_n297_uncorr-similar-weights_07.ttp;32622
kroC100_n297_uncorr-similar-weights_07.ttp;32622
kroC100_n297_uncorr-similar-weights_07.ttp;32622
eil51_n150_uncorr_07.ttp;11489
kroC100_n990_uncorr_03.ttp;78705
kroC100_n990_uncorr_03.ttp;78705
kroC100_n990_uncorr_03.ttp;78705
kroC100_n990_uncorr_03.ttp;78705
kroC100_n990_uncorr_03.ttp;78705
kroC100_n990_uncorr_03.ttp;78705
kroC100_n990_uncorr_03.ttp;78705
kroC100_n990_uncorr_03.ttp;78705
kroC100_n990_uncorr_03.ttp;78705
kroC100_n990_uncorr_03.ttp;78705
eil51_n150_uncorr_07.ttp;11489
kroC100_n990_uncorr_07.ttp;124723
kroC100_n990_uncorr_07.ttp;124723
kroC100_n990_uncorr_07.ttp;124723
kroC100_n990_uncorr_07.ttp;124723
kroC100_n990_uncorr_07.ttp;124723
kroC100_n990_uncorr_07.ttp;124723
kroC100_n990_uncorr_07.ttp;124723
kroC100_n990_uncorr_07.ttp;124723
kroC100_n990_uncorr_07.ttp;124723
kroC100_n990_uncorr_07.ttp;124723
eil51_n150_uncorr_03.ttp;10618
eil51_n150_bounded-strongly-corr_03.ttp;15523
kroC100_n990_bounded-strongly-corr_03.ttp;144765
kroC100_n990_bounded-strongly-corr_03.ttp;144836
kroC100_n990_bounded-strongly-corr_03.ttp;144665
kroC100_n990_bounded-strongly-corr_03.ttp;144791
kroC100_n990_bounded-strongly-corr_03.ttp;144808
kroC100_n990_bounded-strongly-corr_03.ttp;144780
kroC100_n990_bounded-strongly-corr_03.ttp;144694
kroC100_n990_bounded-strongly-corr_03.ttp;144679
kroC100_n990_bounded-strongly-corr_03.ttp;144752
kroC100_n990_bounded-strongly-corr_03.ttp;144612
eil51_n150_bounded-strongly-corr_03.ttp;15523
kroC100_n990_bounded-strongly-corr_07.ttp;194693
kroC100_n990_bounded-strongly-corr_07.ttp;194693
kroC100_n990_bounded-strongly-corr_07.ttp;194693
kroC100_n990_bounded-strongly-corr_07.ttp;194693
kroC100_n990_bounded-strongly-corr_07.ttp;194693
kroC100_n990_bounded-strongly-corr_07.ttp;194693
kroC100_n990_bounded-strongly-corr_07.ttp;194693
kroC100_n990_bounded-strongly-corr_07.ttp;194693
kroC100_n990_bounded-strongly-corr_07.ttp;194693
kroC100_n990_bounded-strongly-corr_07.ttp;194693
eil51_n150_bounded-strongly-corr_03.ttp;15523
kroC100_n990_uncorr-similar-weights_03.ttp;61616
kroC100_n990_uncorr-similar-weights_03.ttp;61616
kroC100_n990_uncorr-similar-weights_03.ttp;61616
kroC100_n990_uncorr-similar-weights_03.ttp;61616
kroC100_n990_uncorr-similar-weights_03.ttp;61616
kroC100_n990_uncorr-similar-weights_03.ttp;61616
kroC100_n990_uncorr-similar-weights_03.ttp;61616
kroC100_n990_uncorr-similar-weights_03.ttp;61616
kroC100_n990_uncorr-similar-weights_03.ttp;61616
kroC100_n990_uncorr-similar-weights_03.ttp;61616
eil51_n150_bounded-strongly-corr_03.ttp;15523
kroC100_n990_uncorr-similar-weights_07.ttp;96525
kroC100_n990_uncorr-similar-weights_07.ttp;96525
kroC100_n990_uncorr-similar-weights_07.ttp;96525
kroC100_n990_uncorr-similar-weights_07.ttp;96525
kroC100_n990_uncorr-similar-weights_07.ttp;96525
kroC100_n990_uncorr-similar-weights_07.ttp;96525
kroC100_n990_uncorr-similar-weights_07.ttp;96525
kroC100_n990_uncorr-similar-weights_07.ttp;96525
kroC100_n990_uncorr-similar-weights_07.ttp;96525
kroC100_n990_uncorr-similar-weights_07.ttp;96525
eil51_n150_bounded-strongly-corr_03.ttp;15517
bier127_n378_uncorr_03.ttp;30229
bier127_n378_uncorr_03.ttp;30229
bier127_n378_uncorr_03.ttp;30229
bier127_n378_uncorr_03.ttp;30229
bier127_n378_uncorr_03.ttp;30229
bier127_n378_uncorr_03.ttp;30229
bier127_n378_uncorr_03.ttp;30229
bier127_n378_uncorr_03.ttp;30229
bier127_n378_uncorr_03.ttp;30229
bier127_n378_uncorr_03.ttp;30229
eil51_n150_bounded-strongly-corr_03.ttp;15523
bier127_n378_uncorr_07.ttp;38694
bier127_n378_uncorr_07.ttp;38694
bier127_n378_uncorr_07.ttp;38694
bier127_n378_uncorr_07.ttp;38694
bier127_n378_uncorr_07.ttp;38694
bier127_n378_uncorr_07.ttp;38694
bier127_n378_uncorr_07.ttp;38694
bier127_n378_uncorr_07.ttp;38694
bier127_n378_uncorr_07.ttp;38694
bier127_n378_uncorr_07.ttp;38694
eil51_n150_bounded-strongly-corr_03.ttp;15523
bier127_n378_bounded-strongly-corr_03.ttp;52912
bier127_n378_bounded-strongly-corr_03.ttp;52980
bier127_n378_bounded-strongly-corr_03.ttp;52446
bier127_n378_bounded-strongly-corr_03.ttp;52512
bier127_n378_bounded-strongly-corr_03.ttp;52783
bier127_n378_bounded-strongly-corr_03.ttp;52342
bier127_n378_bounded-strongly-corr_03.ttp;52821
bier127_n378_bounded-strongly-corr_03.ttp;53049
bier127_n378_bounded-strongly-corr_03.ttp;52955
bier127_n378_bounded-strongly-corr_03.ttp;52897
eil51_n150_bounded-strongly-corr_03.ttp;15523
bier127_n378_bounded-strongly-corr_07.ttp;100034
bier127_n378_bounded-strongly-corr_07.ttp;100047
bier127_n378_bounded-strongly-corr_07.ttp;100045
bier127_n378_bounded-strongly-corr_07.ttp;100042
bier127_n378_bounded-strongly-corr_07.ttp;100047
bier127_n378_bounded-strongly-corr_07.ttp;100041
bier127_n378_bounded-strongly-corr_07.ttp;100047
bier127_n378_bounded-strongly-corr_07.ttp;100047
bier127_n378_bounded-strongly-corr_07.ttp;100047
bier127_n378_bounded-strongly-corr_07.ttp;100047
eil51_n150_bounded-strongly-corr_03.ttp;15523
bier127_n378_uncorr-similar-weights_03.ttp;22247
bier127_n378_uncorr-similar-weights_03.ttp;22247
bier127_n378_uncorr-similar-weights_03.ttp;22247
bier127_n378_uncorr-similar-weights_03.ttp;22247
bier127_n378_uncorr-similar-weights_03.ttp;22247
bier127_n378_uncorr-similar-weights_03.ttp;22247
bier127_n378_uncorr-similar-weights_03.ttp;22247
bier127_n378_uncorr-similar-weights_03.ttp;22247
bier127_n378_uncorr-similar-weights_03.ttp;22247
bier127_n378_uncorr-similar-weights_03.ttp;22247
eil51_n150_bounded-strongly-corr_03.ttp;15523
bier127_n378_uncorr-similar-weights_07.ttp;37422
bier127_n378_uncorr-similar-weights_07.ttp;37422
bier127_n378_uncorr-similar-weights_07.ttp;37422
bier127_n378_uncorr-similar-weights_07.ttp;37422
bier127_n378_uncorr-similar-weights_07.ttp;37422
bier127_n378_uncorr-similar-weights_07.ttp;37422
bier127_n378_uncorr-similar-weights_07.ttp;27653
bier127_n378_uncorr-similar-weights_07.ttp;37422
bier127_n378_uncorr-similar-weights_07.ttp;37422
bier127_n378_uncorr-similar-weights_07.ttp;37422
eil51_n150_uncorr_03.ttp;10618
eil51_n150_bounded-strongly-corr_07.ttp;19775
bier127_n1260_uncorr_03.ttp;93642
bier127_n1260_uncorr_03.ttp;93642
bier127_n1260_uncorr_03.ttp;93642
bier127_n1260_uncorr_03.ttp;93642
bier127_n1260_uncorr_03.ttp;93642
bier127_n1260_uncorr_03.ttp;93642
bier127_n1260_uncorr_03.ttp;93642
bier127_n1260_uncorr_03.ttp;93642
bier127_n1260_uncorr_03.ttp;93642
bier127_n1260_uncorr_03.ttp;93642
eil51_n150_bounded-strongly-corr_07.ttp;19775
bier127_n1260_uncorr_07.ttp;143673
bier127_n1260_uncorr_07.ttp;143673
bier127_n1260_uncorr_07.ttp;143673
bier127_n1260_uncorr_07.ttp;143673
bier127_n1260_uncorr_07.ttp;143673
bier127_n1260_uncorr_07.ttp;143673
bier127_n1260_uncorr_07.ttp;143673
bier127_n1260_uncorr_07.ttp;143673
bier127_n1260_uncorr_07.ttp;143673
bier127_n1260_uncorr_07.ttp;143673
eil51_n150_bounded-strongly-corr_07.ttp;19775
bier127_n1260_bounded-strongly-corr_03.ttp;163607
bier127_n1260_bounded-strongly-corr_03.ttp;162883
bier127_n1260_bounded-strongly-corr_03.ttp;163041
bier127_n1260_bounded-strongly-corr_03.ttp;162812
bier127_n1260_bounded-strongly-corr_03.ttp;161494
bier127_n1260_bounded-strongly-corr_03.ttp;162778
bier127_n1260_bounded-strongly-corr_03.ttp;162229
bier127_n1260_bounded-strongly-corr_03.ttp;162352
bier127_n1260_bounded-strongly-corr_03.ttp;163062
bier127_n1260_bounded-strongly-corr_03.ttp;162177
eil51_n150_bounded-strongly-corr_07.ttp;19775
bier127_n1260_bounded-strongly-corr_07.ttp;299009
bier127_n1260_bounded-strongly-corr_07.ttp;299009
bier127_n1260_bounded-strongly-corr_07.ttp;299009
bier127_n1260_bounded-strongly-corr_07.ttp;299009
bier127_n1260_bounded-strongly-corr_07.ttp;299009
bier127_n1260_bounded-strongly-corr_07.ttp;299009
bier127_n1260_bounded-strongly-corr_07.ttp;299008
bier127_n1260_bounded-strongly-corr_07.ttp;299009
bier127_n1260_bounded-strongly-corr_07.ttp;299009
bier127_n1260_bounded-strongly-corr_07.ttp;299009
eil51_n150_bounded-strongly-corr_07.ttp;19775
bier127_n1260_uncorr-similar-weights_03.ttp;86337
bier127_n1260_uncorr-similar-weights_03.ttp;86337
bier127_n1260_uncorr-similar-weights_03.ttp;86333
bier127_n1260_uncorr-similar-weights_03.ttp;86332
bier127_n1260_uncorr-similar-weights_03.ttp;86337
bier127_n1260_uncorr-similar-weights_03.ttp;86334
bier127_n1260_uncorr-similar-weights_03.ttp;86337
bier127_n1260_uncorr-similar-weights_03.ttp;86335
bier127_n1260_uncorr-similar-weights_03.ttp;86335
bier127_n1260_uncorr-similar-weights_03.ttp;86337
eil51_n150_bounded-strongly-corr_07.ttp;19775
bier127_n1260_uncorr-similar-weights_07.ttp;122221
bier127_n1260_uncorr-similar-weights_07.ttp;122221
bier127_n1260_uncorr-similar-weights_07.ttp;122221
bier127_n1260_uncorr-similar-weights_07.ttp;122221
bier127_n1260_uncorr-similar-weights_07.ttp;122221
bier127_n1260_uncorr-similar-weights_07.ttp;122221
bier127_n1260_uncorr-similar-weights_07.ttp;122221
bier127_n1260_uncorr-similar-weights_07.ttp;122221
bier127_n1260_uncorr-similar-weights_07.ttp;122221
bier127_n1260_uncorr-similar-weights_07.ttp;122221
eil51_n150_bounded-strongly-corr_07.ttp;19775
u159_n474_uncorr_03.ttp;45214
u159_n474_uncorr_03.ttp;45214
u159_n474_uncorr_03.ttp;45214
u159_n474_uncorr_03.ttp;45214
u159_n474_uncorr_03.ttp;45214
u159_n474_uncorr_03.ttp;45214
u159_n474_uncorr_03.ttp;45214
u159_n474_uncorr_03.ttp;45214
u159_n474_uncorr_03.ttp;45214
u159_n474_uncorr_03.ttp;45214
eil51_n150_bounded-strongly-corr_07.ttp;19775
u159_n474_uncorr_07.ttp;60786
u159_n474_uncorr_07.ttp;60786
u159_n474_uncorr_07.ttp;60786
u159_n474_uncorr_07.ttp;60786
u159_n474_uncorr_07.ttp;60786
u159_n474_uncorr_07.ttp;60786
u159_n474_uncorr_07.ttp;60786
u159_n474_uncorr_07.ttp;60786
u159_n474_uncorr_07.ttp;60786
u159_n474_uncorr_07.ttp;60786
eil51_n150_bounded-strongly-corr_07.ttp;19775
u159_n474_bounded-strongly-corr_03.ttp;58204
u159_n474_bounded-strongly-corr_03.ttp;58201
u159_n474_bounded-strongly-corr_03.ttp;58204
u159_n474_bounded-strongly-corr_03.ttp;58204
u159_n474_bounded-strongly-corr_03.ttp;58204
u159_n474_bounded-strongly-corr_03.ttp;58201
u159_n474_bounded-strongly-corr_03.ttp;58201
u159_n474_bounded-strongly-corr_03.ttp;58201
u159_n474_bounded-strongly-corr_03.ttp;58204
u159_n474_bounded-strongly-corr_03.ttp;58201
eil51_n150_bounded-strongly-corr_07.ttp;19775
u159_n474_bounded-strongly-corr_07.ttp;101878
u159_n474_bounded-strongly-corr_07.ttp;101878
u159_n474_bounded-strongly-corr_07.ttp;101878
u159_n474_bounded-strongly-corr_07.ttp;101878
u159_n474_bounded-strongly-corr_07.ttp;101878
u159_n474_bounded-strongly-corr_07.ttp;101878
u159_n474_bounded-strongly-corr_07.ttp;101878
u159_n474_bounded-strongly-corr_07.ttp;101878
u159_n474_bounded-strongly-corr_07.ttp;101878
u159_n474_bounded-strongly-corr_07.ttp;101878
eil51_n150_uncorr_03.ttp;10618
eil51_n150_uncorr-similar-weights_03.ttp;9954
u159_n474_uncorr-similar-weights_03.ttp;32430
u159_n474_uncorr-similar-weights_03.ttp;32430
u159_n474_uncorr-similar-weights_03.ttp;32430
u159_n474_uncorr-similar-weights_03.ttp;32430
u159_n474_uncorr-similar-weights_03.ttp;32430
u159_n474_uncorr-similar-weights_03.ttp;32430
u159_n474_uncorr-similar-weights_03.ttp;32430
u159_n474_uncorr-similar-weights_03.ttp;32430
u159_n474_uncorr-similar-weights_03.ttp;32430
u159_n474_uncorr-similar-weights_03.ttp;32430
eil51_n150_uncorr-similar-weights_03.ttp;9976
u159_n474_uncorr-similar-weights_07.ttp;47371
u159_n474_uncorr-similar-weights_07.ttp;47371
u159_n474_uncorr-similar-weights_07.ttp;47371
u159_n474_uncorr-similar-weights_07.ttp;47371
u159_n474_uncorr-similar-weights_07.ttp;47371
u159_n474_uncorr-similar-weights_07.ttp;47371
u159_n474_uncorr-similar-weights_07.ttp;47371
u159_n474_uncorr-similar-weights_07.ttp;47371
u159_n474_uncorr-similar-weights_07.ttp;47371
u159_n474_uncorr-similar-weights_07.ttp;47371
eil51_n150_uncorr-similar-weights_03.ttp;9948
u159_n1580_uncorr_03.ttp;153850
u159_n1580_uncorr_03.ttp;153850
u159_n1580_uncorr_03.ttp;153850
u159_n1580_uncorr_03.ttp;153850
u159_n1580_uncorr_03.ttp;153848
u159_n1580_uncorr_03.ttp;153850
u159_n1580_uncorr_03.ttp;153850
u159_n1580_uncorr_03.ttp;153850
u159_n1580_uncorr_03.ttp;153850
u159_n1580_uncorr_03.ttp;153850
eil51_n150_uncorr-similar-weights_03.ttp;9976
u159_n1580_uncorr_07.ttp;196796
u159_n1580_uncorr_07.ttp;196795
u159_n1580_uncorr_07.ttp;196796
u159_n1580_uncorr_07.ttp;196796
u159_n1580_uncorr_07.ttp;196796
u159_n1580_uncorr_07.ttp;196796
u159_n1580_uncorr_07.ttp;196796
u159_n1580_uncorr_07.ttp;196796
u159_n1580_uncorr_07.ttp;196796
u159_n1580_uncorr_07.ttp;196796
eil51_n150_uncorr-similar-weights_03.ttp;9976
u159_n1580_bounded-strongly-corr_03.ttp;189583
u159_n1580_bounded-strongly-corr_03.ttp;189585
u159_n1580_bounded-strongly-corr_03.ttp;189586
u159_n1580_bounded-strongly-corr_03.ttp;189586
u159_n1580_bounded-strongly-corr_03.ttp;189587
u159_n1580_bounded-strongly-corr_03.ttp;189584
u159_n1580_bounded-strongly-corr_03.ttp;189587
u159_n1580_bounded-strongly-corr_03.ttp;189586
u159_n1580_bounded-strongly-corr_03.ttp;189584
u159_n1580_bounded-strongly-corr_03.ttp;189584
eil51_n150_uncorr-similar-weights_03.ttp;9976
u159_n1580_bounded-strongly-corr_07.ttp;310148
u159_n1580_bounded-strongly-corr_07.ttp;310147
u159_n1580_bounded-strongly-corr_07.ttp;310147
u159_n1580_bounded-strongly-corr_07.ttp;310146
u159_n1580_bounded-strongly-corr_07.ttp;310146
u159_n1580_bounded-strongly-corr_07.ttp;310148
u159_n1580_bounded-strongly-corr_07.ttp;310145
u159_n1580_bounded-strongly-corr_07.ttp;310148
u159_n1580_bounded-strongly-corr_07.ttp;310147
u159_n1580_bounded-strongly-corr_07.ttp;310147
eil51_n150_uncorr-similar-weights_03.ttp;9976
u159_n1580_uncorr-similar-weights_03.ttp;92969
u159_n1580_uncorr-similar-weights_03.ttp;92969
u159_n1580_uncorr-similar-weights_03.ttp;92969
u159_n1580_uncorr-similar-weights_03.ttp;92969
u159_n1580_uncorr-similar-weights_03.ttp;92969
u159_n1580_uncorr-similar-weights_03.ttp;92969
u159_n1580_uncorr-similar-weights_03.ttp;92969
u159_n1580_uncorr-similar-weights_03.ttp;92969
u159_n1580_uncorr-similar-weights_03.ttp;92969
u159_n1580_uncorr-similar-weights_03.ttp;92969
eil51_n150_uncorr-similar-weights_03.ttp;9970
u159_n1580_uncorr-similar-weights_07.ttp;161561
u159_n1580_uncorr-similar-weights_07.ttp;161561
u159_n1580_uncorr-similar-weights_07.ttp;161561
u159_n1580_uncorr-similar-weights_07.ttp;161560
u159_n1580_uncorr-similar-weights_07.ttp;161561
u159_n1580_uncorr-similar-weights_07.ttp;161561
u159_n1580_uncorr-similar-weights_07.ttp;161561
u159_n1580_uncorr-similar-weights_07.ttp;161561
u159_n1580_uncorr-similar-weights_07.ttp;161561
u159_n1580_uncorr-similar-weights_07.ttp;161561
eil51_n150_uncorr-similar-weights_03.ttp;9976
gil262_n783_uncorr_03.ttp;60358
gil262_n783_uncorr_03.ttp;60358
gil262_n783_uncorr_03.ttp;60358
gil262_n783_uncorr_03.ttp;60358
gil262_n783_uncorr_03.ttp;60358
gil262_n783_uncorr_03.ttp;60358
gil262_n783_uncorr_03.ttp;60358
gil262_n783_uncorr_03.ttp;60358
gil262_n783_uncorr_03.ttp;60358
gil262_n783_uncorr_03.ttp;60358
eil51_n150_uncorr-similar-weights_03.ttp;9976
gil262_n783_uncorr_07.ttp;76562
gil262_n783_uncorr_07.ttp;76562
gil262_n783_uncorr_07.ttp;76562
gil262_n783_uncorr_07.ttp;76562
gil262_n783_uncorr_07.ttp;76562
gil262_n783_uncorr_07.ttp;76562
gil262_n783_uncorr_07.ttp;76562
gil262_n783_uncorr_07.ttp;76562
gil262_n783_uncorr_07.ttp;76562
gil262_n783_uncorr_07.ttp;76562
eil51_n150_uncorr_03.ttp;10618
eil51_n150_uncorr-similar-weights_07.ttp;10983
gil262_n783_bounded-strongly-corr_03.ttp;105507
gil262_n783_bounded-strongly-corr_03.ttp;105507
gil262_n783_bounded-strongly-corr_03.ttp;105507
gil262_n783_bounded-strongly-corr_03.ttp;105507
gil262_n783_bounded-strongly-corr_03.ttp;105507
gil262_n783_bounded-strongly-corr_03.ttp;105507
gil262_n783_bounded-strongly-corr_03.ttp;105507
gil262_n783_bounded-strongly-corr_03.ttp;105507
gil262_n783_bounded-strongly-corr_03.ttp;105507
gil262_n783_bounded-strongly-corr_03.ttp;105507
eil51_n150_uncorr-similar-weights_07.ttp;10983
gil262_n783_bounded-strongly-corr_07.ttp;136582
gil262_n783_bounded-strongly-corr_07.ttp;136582
gil262_n783_bounded-strongly-corr_07.ttp;136582
gil262_n783_bounded-strongly-corr_07.ttp;136582
gil262_n783_bounded-strongly-corr_07.ttp;136582
gil262_n783_bounded-strongly-corr_07.ttp;136582
gil262_n783_bounded-strongly-corr_07.ttp;136582
gil262_n783_bounded-strongly-corr_07.ttp;136582
gil262_n783_bounded-strongly-corr_07.ttp;136582
gil262_n783_bounded-strongly-corr_07.ttp;136582
eil51_n150_uncorr-similar-weights_07.ttp;10983
gil262_n783_uncorr-similar-weights_03.ttp;41107
gil262_n783_uncorr-similar-weights_03.ttp;41107
gil262_n783_uncorr-similar-weights_03.ttp;41107
gil262_n783_uncorr-similar-weights_03.ttp;41107
gil262_n783_uncorr-similar-weights_03.ttp;41107
gil262_n783_uncorr-similar-weights_03.ttp;41107
gil262_n783_uncorr-similar-weights_03.ttp;41107
gil262_n783_uncorr-similar-weights_03.ttp;41107
gil262_n783_uncorr-similar-weights_03.ttp;41107
gil262_n783_uncorr-similar-weights_03.ttp;41107
eil51_n150_uncorr-similar-weights_07.ttp;10983
gil262_n783_uncorr-similar-weights_07.ttp;59687
gil262_n783_uncorr-similar-weights_07.ttp;59687
gil262_n783_uncorr-similar-weights_07.ttp;59687
gil262_n783_uncorr-similar-weights_07.ttp;59687
gil262_n783_uncorr-similar-weights_07.ttp;59687
gil262_n783_uncorr-similar-weights_07.ttp;59687
gil262_n783_uncorr-similar-weights_07.ttp;59687
gil262_n783_uncorr-similar-weights_07.ttp;59687
gil262_n783_uncorr-similar-weights_07.ttp;59687
gil262_n783_uncorr-similar-weights_07.ttp;59687
eil51_n150_uncorr-similar-weights_07.ttp;10983
gil262_n2610_uncorr_03.ttp;204367
gil262_n2610_uncorr_03.ttp;204367
gil262_n2610_uncorr_03.ttp;204367
gil262_n2610_uncorr_03.ttp;204367
gil262_n2610_uncorr_03.ttp;204367
gil262_n2610_uncorr_03.ttp;204367
gil262_n2610_uncorr_03.ttp;204367
gil262_n2610_uncorr_03.ttp;204367
gil262_n2610_uncorr_03.ttp;204367
gil262_n2610_uncorr_03.ttp;204367
eil51_n150_uncorr-similar-weights_07.ttp;10983
gil262_n2610_uncorr_07.ttp;277675
gil262_n2610_uncorr_07.ttp;277675
gil262_n2610_uncorr_07.ttp;277675
gil262_n2610_uncorr_07.ttp;277675
gil262_n2610_uncorr_07.ttp;277675
gil262_n2610_uncorr_07.ttp;277675
gil262_n2610_uncorr_07.ttp;277675
gil262_n2610_uncorr_07.ttp;277675
gil262_n2610_uncorr_07.ttp;277674
gil262_n2610_uncorr_07.ttp;277675
eil51_n150_uncorr-similar-weights_07.ttp;10983
gil262_n2610_bounded-strongly-corr_03.ttp;326459
gil262_n2610_bounded-strongly-corr_03.ttp;326459
gil262_n2610_bounded-strongly-corr_03.ttp;326458
gil262_n2610_bounded-strongly-corr_03.ttp;326458
gil262_n2610_bounded-strongly-corr_03.ttp;326456
gil262_n2610_bounded-strongly-corr_03.ttp;326458
gil262_n2610_bounded-strongly-corr_03.ttp;326457
gil262_n2610_bounded-strongly-corr_03.ttp;324170
gil262_n2610_bounded-strongly-corr_03.ttp;326460
gil262_n2610_bounded-strongly-corr_03.ttp;326458
eil51_n150_uncorr-similar-weights_07.ttp;10983
gil262_n2610_bounded-strongly-corr_07.ttp;468241
gil262_n2610_bounded-strongly-corr_07.ttp;468242
gil262_n2610_bounded-strongly-corr_07.ttp;468239
gil262_n2610_bounded-strongly-corr_07.ttp;442908
gil262_n2610_bounded-strongly-corr_07.ttp;468243
gil262_n2610_bounded-strongly-corr_07.ttp;468243
gil262_n2610_bounded-strongly-corr_07.ttp;468243
gil262_n2610_bounded-strongly-corr_07.ttp;468240
gil262_n2610_bounded-strongly-corr_07.ttp;468241
eil51_n150_uncorr-similar-weights_07.ttp;10983
gil262_n2610_uncorr-similar-weights_03.ttp;133225
gil262_n2610_uncorr-similar-weights_03.ttp;133225
gil262_n2610_uncorr-similar-weights_03.ttp;133225
gil262_n2610_uncorr-similar-weights_03.ttp;133225
gil262_n2610_uncorr-similar-weights_03.ttp;133225
gil262_n2610_uncorr-similar-weights_03.ttp;133225
gil262_n2610_uncorr-similar-weights_03.ttp;133224
gil262_n2610_uncorr-similar-weights_03.ttp;133225
gil262_n2610_uncorr-similar-weights_03.ttp;133224
gil262_n2610_uncorr-similar-weights_03.ttp;133224
eil51_n150_uncorr-similar-weights_07.ttp;10983
gil262_n2610_uncorr-similar-weights_07.ttp;213275
gil262_n2610_uncorr-similar-weights_07.ttp;215720
gil262_n2610_uncorr-similar-weights_07.ttp;215719
gil262_n2610_uncorr-similar-weights_07.ttp;215721
gil262_n2610_uncorr-similar-weights_07.ttp;215719
gil262_n2610_uncorr-similar-weights_07.ttp;215719
gil262_n2610_uncorr-similar-weights_07.ttp;215720
gil262_n2610_uncorr-similar-weights_07.ttp;215717
gil262_n2610_uncorr-similar-weights_07.ttp;215719
gil262_n2610_uncorr-similar-weights_07.ttp;215720
eil51_n150_uncorr_03.ttp;10618
eil51_n500_uncorr_03.ttp;41337
pcb442_n1323_uncorr_03.ttp;147150
pcb442_n1323_uncorr_03.ttp;147150
pcb442_n1323_uncorr_03.ttp;147150
pcb442_n1323_uncorr_03.ttp;147150
pcb442_n1323_uncorr_03.ttp;147150
pcb442_n1323_uncorr_03.ttp;147150
pcb442_n1323_uncorr_03.ttp;138398
pcb442_n1323_uncorr_03.ttp;147150
pcb442_n1323_uncorr_03.ttp;147150
eil51_n500_uncorr_03.ttp;41337
pcb442_n1323_uncorr_07.ttp;194227
pcb442_n1323_uncorr_07.ttp;194227
pcb442_n1323_uncorr_07.ttp;194227
pcb442_n1323_uncorr_07.ttp;194227
pcb442_n1323_uncorr_07.ttp;178057
pcb442_n1323_uncorr_07.ttp;194227
pcb442_n1323_uncorr_07.ttp;194227
pcb442_n1323_uncorr_07.ttp;194227
pcb442_n1323_uncorr_07.ttp;194227
pcb442_n1323_uncorr_07.ttp;194227
eil51_n500_uncorr_03.ttp;41337
pcb442_n1323_bounded-strongly-corr_03.ttp;210457
pcb442_n1323_bounded-strongly-corr_03.ttp;210490
pcb442_n1323_bounded-strongly-corr_03.ttp;185848
pcb442_n1323_bounded-strongly-corr_03.ttp;185847
pcb442_n1323_bounded-strongly-corr_03.ttp;185846
pcb442_n1323_bounded-strongly-corr_03.ttp;210522
pcb442_n1323_bounded-strongly-corr_03.ttp;210447
pcb442_n1323_bounded-strongly-corr_03.ttp;210377
pcb442_n1323_bounded-strongly-corr_03.ttp;210497
eil51_n500_uncorr_03.ttp;41337
pcb442_n1323_bounded-strongly-corr_07.ttp;324218
pcb442_n1323_bounded-strongly-corr_07.ttp;297523
pcb442_n1323_bounded-strongly-corr_07.ttp;324218
pcb442_n1323_bounded-strongly-corr_07.ttp;324219
pcb442_n1323_bounded-strongly-corr_07.ttp;324219
pcb442_n1323_bounded-strongly-corr_07.ttp;324219
pcb442_n1323_bounded-strongly-corr_07.ttp;324219
pcb442_n1323_bounded-strongly-corr_07.ttp;324219
pcb442_n1323_bounded-strongly-corr_07.ttp;324219
pcb442_n1323_bounded-strongly-corr_07.ttp;297522
eil51_n500_uncorr_03.ttp;41337
pcb442_n1323_uncorr-similar-weights_03.ttp;79372
pcb442_n1323_uncorr-similar-weights_03.ttp;96507
pcb442_n1323_uncorr-similar-weights_03.ttp;96506
pcb442_n1323_uncorr-similar-weights_03.ttp;96507
pcb442_n1323_uncorr-similar-weights_03.ttp;96507
pcb442_n1323_uncorr-similar-weights_03.ttp;96507
pcb442_n1323_uncorr-similar-weights_03.ttp;96507
pcb442_n1323_uncorr-similar-weights_03.ttp;96507
pcb442_n1323_uncorr-similar-weights_03.ttp;96507
pcb442_n1323_uncorr-similar-weights_03.ttp;96507
eil51_n500_uncorr_03.ttp;41337
pcb442_n1323_uncorr-similar-weights_07.ttp;165929
pcb442_n1323_uncorr-similar-weights_07.ttp;165929
pcb442_n1323_uncorr-similar-weights_07.ttp;165929
pcb442_n1323_uncorr-similar-weights_07.ttp;165929
pcb442_n1323_uncorr-similar-weights_07.ttp;165929
pcb442_n1323_uncorr-similar-weights_07.ttp;165929
pcb442_n1323_uncorr-similar-weights_07.ttp;165929
pcb442_n1323_uncorr-similar-weights_07.ttp;165929
pcb442_n1323_uncorr-similar-weights_07.ttp;165929
pcb442_n1323_uncorr-similar-weights_07.ttp;165929
eil51_n500_uncorr_03.ttp;41337
pcb442_n4410_uncorr_03.ttp;463696
pcb442_n4410_uncorr_03.ttp;463696
pcb442_n4410_uncorr_03.ttp;463695
pcb442_n4410_uncorr_03.ttp;463696
pcb442_n4410_uncorr_03.ttp;463696
pcb442_n4410_uncorr_03.ttp;463696
pcb442_n4410_uncorr_03.ttp;463694
pcb442_n4410_uncorr_03.ttp;463696
pcb442_n4410_uncorr_03.ttp;463695
pcb442_n4410_uncorr_03.ttp;463696
eil51_n500_uncorr_03.ttp;41337
pcb442_n4410_uncorr_07.ttp;632743
pcb442_n4410_uncorr_07.ttp;632740
pcb442_n4410_uncorr_07.ttp;591639
pcb442_n4410_uncorr_07.ttp;632744
pcb442_n4410_uncorr_07.ttp;632742
pcb442_n4410_uncorr_07.ttp;632744
pcb442_n4410_uncorr_07.ttp;632743
pcb442_n4410_uncorr_07.ttp;632741
pcb442_n4410_uncorr_07.ttp;632743
pcb442_n4410_uncorr_07.ttp;632743
eil51_n500_uncorr_03.ttp;41337
pcb442_n4410_bounded-strongly-corr_03.ttp;651627
pcb442_n4410_bounded-strongly-corr_03.ttp;651615
pcb442_n4410_bounded-strongly-corr_03.ttp;651692
pcb442_n4410_bounded-strongly-corr_03.ttp;651720
pcb442_n4410_bounded-strongly-corr_03.ttp;651634
pcb442_n4410_bounded-strongly-corr_03.ttp;651664
pcb442_n4410_bounded-strongly-corr_03.ttp;574874
pcb442_n4410_bounded-strongly-corr_03.ttp;574870
pcb442_n4410_bounded-strongly-corr_03.ttp;651612
pcb442_n4410_bounded-strongly-corr_03.ttp;651718
eil51_n500_uncorr_03.ttp;41337
pcb442_n4410_bounded-strongly-corr_07.ttp;1060558
pcb442_n4410_bounded-strongly-corr_07.ttp;1060562
pcb442_n4410_bounded-strongly-corr_07.ttp;1060562
pcb442_n4410_bounded-strongly-corr_07.ttp;1060564
pcb442_n4410_bounded-strongly-corr_07.ttp;1060560
pcb442_n4410_bounded-strongly-corr_07.ttp;1060563
pcb442_n4410_bounded-strongly-corr_07.ttp;955265
pcb442_n4410_bounded-strongly-corr_07.ttp;1060563
pcb442_n4410_bounded-strongly-corr_07.ttp;1060563
pcb442_n4410_bounded-strongly-corr_07.ttp;1060559
eil51_n150_uncorr_03.ttp;10618
eil51_n500_uncorr_07.ttp;43361
pcb442_n4410_uncorr-similar-weights_03.ttp;312677
pcb442_n4410_uncorr-similar-weights_03.ttp;312676
pcb442_n4410_uncorr-similar-weights_03.ttp;268115
pcb442_n4410_uncorr-similar-weights_03.ttp;312677
pcb442_n4410_uncorr-similar-weights_03.ttp;268116
pcb442_n4410_uncorr-similar-weights_03.ttp;312677
pcb442_n4410_uncorr-similar-weights_03.ttp;312676
pcb442_n4410_uncorr-similar-weights_03.ttp;312676
pcb442_n4410_uncorr-similar-weights_03.ttp;312678
pcb442_n4410_uncorr-similar-weights_03.ttp;312677
eil51_n500_uncorr_07.ttp;43361
pcb442_n4410_uncorr-similar-weights_07.ttp;531444
pcb442_n4410_uncorr-similar-weights_07.ttp;468274
pcb442_n4410_uncorr-similar-weights_07.ttp;531443
pcb442_n4410_uncorr-similar-weights_07.ttp;531444
pcb442_n4410_uncorr-similar-weights_07.ttp;531444
pcb442_n4410_uncorr-similar-weights_07.ttp;468275
pcb442_n4410_uncorr-similar-weights_07.ttp;531445
pcb442_n4410_uncorr-similar-weights_07.ttp;531445
pcb442_n4410_uncorr-similar-weights_07.ttp;531444
pcb442_n4410_uncorr-similar-weights_07.ttp;531444
eil51_n500_uncorr_07.ttp;43361
dsj1000_n2997_uncorr_03.ttp;250402
dsj1000_n2997_uncorr_03.ttp;250402
dsj1000_n2997_uncorr_03.ttp;250402
dsj1000_n2997_uncorr_03.ttp;250402
dsj1000_n2997_uncorr_03.ttp;250402
dsj1000_n2997_uncorr_03.ttp;250402
dsj1000_n2997_uncorr_03.ttp;250402
dsj1000_n2997_uncorr_03.ttp;250402
dsj1000_n2997_uncorr_03.ttp;248219
dsj1000_n2997_uncorr_03.ttp;250402
eil51_n500_uncorr_07.ttp;43361
dsj1000_n2997_uncorr_07.ttp;350878
dsj1000_n2997_uncorr_07.ttp;349171
dsj1000_n2997_uncorr_07.ttp;350880
dsj1000_n2997_uncorr_07.ttp;350878
dsj1000_n2997_uncorr_07.ttp;350879
dsj1000_n2997_uncorr_07.ttp;350879
dsj1000_n2997_uncorr_07.ttp;350880
dsj1000_n2997_uncorr_07.ttp;350879
dsj1000_n2997_uncorr_07.ttp;350878
dsj1000_n2997_uncorr_07.ttp;350880
eil51_n500_uncorr_07.ttp;43361
dsj1000_n2997_bounded-strongly-corr_03.ttp;504306
dsj1000_n2997_bounded-strongly-corr_03.ttp;501278
dsj1000_n2997_bounded-strongly-corr_03.ttp;504095
dsj1000_n2997_bounded-strongly-corr_03.ttp;501654
dsj1000_n2997_bounded-strongly-corr_03.ttp;505888
dsj1000_n2997_bounded-strongly-corr_03.ttp;503690
dsj1000_n2997_bounded-strongly-corr_03.ttp;502846
dsj1000_n2997_bounded-strongly-corr_03.ttp;505366
dsj1000_n2997_bounded-strongly-corr_03.ttp;504555
dsj1000_n2997_bounded-strongly-corr_03.ttp;504177
eil51_n500_uncorr_07.ttp;43361
dsj1000_n2997_bounded-strongly-corr_07.ttp;607098
dsj1000_n2997_bounded-strongly-corr_07.ttp;607097
dsj1000_n2997_bounded-strongly-corr_07.ttp;611126
dsj1000_n2997_bounded-strongly-corr_07.ttp;611119
dsj1000_n2997_bounded-strongly-corr_07.ttp;607100
dsj1000_n2997_bounded-strongly-corr_07.ttp;598718
dsj1000_n2997_bounded-strongly-corr_07.ttp;607097
dsj1000_n2997_bounded-strongly-corr_07.ttp;607097
dsj1000_n2997_bounded-strongly-corr_07.ttp;598716
dsj1000_n2997_bounded-strongly-corr_07.ttp;607092
eil51_n500_uncorr_07.ttp;43361
dsj1000_n2997_uncorr-similar-weights_03.ttp;55676
dsj1000_n2997_uncorr-similar-weights_03.ttp;55676
dsj1000_n2997_uncorr-similar-weights_03.ttp;53240
dsj1000_n2997_uncorr-similar-weights_03.ttp;55676
dsj1000_n2997_uncorr-similar-weights_03.ttp;55676
dsj1000_n2997_uncorr-similar-weights_03.ttp;53240
dsj1000_n2997_uncorr-similar-weights_03.ttp;55675
dsj1000_n2997_uncorr-similar-weights_03.ttp;55674
dsj1000_n2997_uncorr-similar-weights_03.ttp;55676
dsj1000_n2997_uncorr-similar-weights_03.ttp;55675
eil51_n500_uncorr_07.ttp;43361
dsj1000_n2997_uncorr-similar-weights_07.ttp;245708
dsj1000_n2997_uncorr-similar-weights_07.ttp;245708
dsj1000_n2997_uncorr-similar-weights_07.ttp;245707
dsj1000_n2997_uncorr-similar-weights_07.ttp;245708
dsj1000_n2997_uncorr-similar-weights_07.ttp;245708
dsj1000_n2997_uncorr-similar-weights_07.ttp;245708
dsj1000_n2997_uncorr-similar-weights_07.ttp;245708
dsj1000_n2997_uncorr-similar-weights_07.ttp;245708
dsj1000_n2997_uncorr-similar-weights_07.ttp;245708
dsj1000_n2997_uncorr-similar-weights_07.ttp;245708
eil51_n500_uncorr_07.ttp;43361
dsj1000_n9990_uncorr_03.ttp;767693
dsj1000_n9990_uncorr_03.ttp;767692
dsj1000_n9990_uncorr_03.ttp;767693
dsj1000_n9990_uncorr_03.ttp;767692
dsj1000_n9990_uncorr_03.ttp;767692
dsj1000_n9990_uncorr_03.ttp;767692
dsj1000_n9990_uncorr_03.ttp;767691
dsj1000_n9990_uncorr_03.ttp;767691
dsj1000_n9990_uncorr_03.ttp;767693
dsj1000_n9990_uncorr_03.ttp;767693
eil51_n500_uncorr_07.ttp;43361
dsj1000_n9990_uncorr_07.ttp;1172306
dsj1000_n9990_uncorr_07.ttp;1172306
dsj1000_n9990_uncorr_07.ttp;1166928
dsj1000_n9990_uncorr_07.ttp;1172309
dsj1000_n9990_uncorr_07.ttp;1161802
dsj1000_n9990_uncorr_07.ttp;1161801
dsj1000_n9990_uncorr_07.ttp;1172302
dsj1000_n9990_uncorr_07.ttp;1161804
dsj1000_n9990_uncorr_07.ttp;1161802
dsj1000_n9990_uncorr_07.ttp;1172303
eil51_n150_uncorr_03.ttp;10618
eil51_n500_bounded-strongly-corr_03.ttp;62786
dsj1000_n9990_bounded-strongly-corr_03.ttp;1312139
dsj1000_n9990_bounded-strongly-corr_03.ttp;1312134
dsj1000_n9990_bounded-strongly-corr_03.ttp;1312017
dsj1000_n9990_bounded-strongly-corr_03.ttp;1312394
dsj1000_n9990_bounded-strongly-corr_03.ttp;1312325
dsj1000_n9990_bounded-strongly-corr_03.ttp;1252675
dsj1000_n9990_bounded-strongly-corr_03.ttp;1312054
dsj1000_n9990_bounded-strongly-corr_03.ttp;1312322
dsj1000_n9990_bounded-strongly-corr_03.ttp;1312260
dsj1000_n9990_bounded-strongly-corr_03.ttp;1312287
eil51_n500_bounded-strongly-corr_03.ttp;62786
dsj1000_n9990_bounded-strongly-corr_07.ttp;1823164
dsj1000_n9990_bounded-strongly-corr_07.ttp;1857920
dsj1000_n9990_bounded-strongly-corr_07.ttp;1823166
dsj1000_n9990_bounded-strongly-corr_07.ttp;1823164
dsj1000_n9990_bounded-strongly-corr_07.ttp;1857919
dsj1000_n9990_bounded-strongly-corr_07.ttp;1857921
dsj1000_n9990_bounded-strongly-corr_07.ttp;1857916
dsj1000_n9990_bounded-strongly-corr_07.ttp;1857921
dsj1000_n9990_bounded-strongly-corr_07.ttp;1857919
dsj1000_n9990_bounded-strongly-corr_07.ttp;1857920
eil51_n500_bounded-strongly-corr_03.ttp;62786
dsj1000_n9990_uncorr-similar-weights_03.ttp;624996
dsj1000_n9990_uncorr-similar-weights_03.ttp;631875
dsj1000_n9990_uncorr-similar-weights_03.ttp;631872
dsj1000_n9990_uncorr-similar-weights_03.ttp;631872
dsj1000_n9990_uncorr-similar-weights_03.ttp;631870
dsj1000_n9990_uncorr-similar-weights_03.ttp;624996
dsj1000_n9990_uncorr-similar-weights_03.ttp;631868
dsj1000_n9990_uncorr-similar-weights_03.ttp;631872
dsj1000_n9990_uncorr-similar-weights_03.ttp;624991
dsj1000_n9990_uncorr-similar-weights_03.ttp;624989
eil51_n500_bounded-strongly-corr_03.ttp;62786
dsj1000_n9990_uncorr-similar-weights_07.ttp;804543
dsj1000_n9990_uncorr-similar-weights_07.ttp;804542
dsj1000_n9990_uncorr-similar-weights_07.ttp;804540
dsj1000_n9990_uncorr-similar-weights_07.ttp;804542
dsj1000_n9990_uncorr-similar-weights_07.ttp;804543
dsj1000_n9990_uncorr-similar-weights_07.ttp;804545
dsj1000_n9990_uncorr-similar-weights_07.ttp;804542
dsj1000_n9990_uncorr-similar-weights_07.ttp;804543
dsj1000_n9990_uncorr-similar-weights_07.ttp;804539
dsj1000_n9990_uncorr-similar-weights_07.ttp;806074
eil51_n500_bounded-strongly-corr_03.ttp;62786
nrw1379_n4134_uncorr_03.ttp;345879
nrw1379_n4134_uncorr_03.ttp;345878
nrw1379_n4134_uncorr_03.ttp;345878
nrw1379_n4134_uncorr_03.ttp;345878
nrw1379_n4134_uncorr_03.ttp;345878
nrw1379_n4134_uncorr_03.ttp;345878
nrw1379_n4134_uncorr_03.ttp;334873
nrw1379_n4134_uncorr_03.ttp;345877
nrw1379_n4134_uncorr_03.ttp;345879
nrw1379_n4134_uncorr_03.ttp;345878
eil51_n500_bounded-strongly-corr_03.ttp;62786
nrw1379_n4134_uncorr_07.ttp;464965
nrw1379_n4134_uncorr_07.ttp;452475
nrw1379_n4134_uncorr_07.ttp;464961
nrw1379_n4134_uncorr_07.ttp;452475
nrw1379_n4134_uncorr_07.ttp;452475
nrw1379_n4134_uncorr_07.ttp;464962
nrw1379_n4134_uncorr_07.ttp;464964
nrw1379_n4134_uncorr_07.ttp;452475
nrw1379_n4134_uncorr_07.ttp;452475
nrw1379_n4134_uncorr_07.ttp;452474
eil51_n500_bounded-strongly-corr_03.ttp;62786
nrw1379_n4134_bounded-strongly-corr_03.ttp;494038
nrw1379_n4134_bounded-strongly-corr_03.ttp;477141
nrw1379_n4134_bounded-strongly-corr_03.ttp;477141
nrw1379_n4134_bounded-strongly-corr_03.ttp;477140
nrw1379_n4134_bounded-strongly-corr_03.ttp;477142
nrw1379_n4134_bounded-strongly-corr_03.ttp;494038
nrw1379_n4134_bounded-strongly-corr_03.ttp;494037
nrw1379_n4134_bounded-strongly-corr_03.ttp;494036
nrw1379_n4134_bounded-strongly-corr_03.ttp;494037
nrw1379_n4134_bounded-strongly-corr_03.ttp;477139
eil51_n500_bounded-strongly-corr_03.ttp;62786
nrw1379_n4134_bounded-strongly-corr_07.ttp;754600
nrw1379_n4134_bounded-strongly-corr_07.ttp;754604
nrw1379_n4134_bounded-strongly-corr_07.ttp;754603
nrw1379_n4134_bounded-strongly-corr_07.ttp;754602
nrw1379_n4134_bounded-strongly-corr_07.ttp;754602
nrw1379_n4134_bounded-strongly-corr_07.ttp;754606
nrw1379_n4134_bounded-strongly-corr_07.ttp;744820
nrw1379_n4134_bounded-strongly-corr_07.ttp;744819
nrw1379_n4134_bounded-strongly-corr_07.ttp;744821
nrw1379_n4134_bounded-strongly-corr_07.ttp;744818
eil51_n500_bounded-strongly-corr_03.ttp;62786
nrw1379_n4134_uncorr-similar-weights_03.ttp;233928
nrw1379_n4134_uncorr-similar-weights_03.ttp;233928
nrw1379_n4134_uncorr-similar-weights_03.ttp;233928
nrw1379_n4134_uncorr-similar-weights_03.ttp;224452
nrw1379_n4134_uncorr-similar-weights_03.ttp;224452
nrw1379_n4134_uncorr-similar-weights_03.ttp;233928
nrw1379_n4134_uncorr-similar-weights_03.ttp;233926
nrw1379_n4134_uncorr-similar-weights_03.ttp;233927
nrw1379_n4134_uncorr-similar-weights_03.ttp;233927
nrw1379_n4134_uncorr-similar-weights_03.ttp;233927
eil51_n500_bounded-strongly-corr_03.ttp;62786
nrw1379_n4134_uncorr-similar-weights_07.ttp;346899
nrw1379_n4134_uncorr-similar-weights_07.ttp;359913
nrw1379_n4134_uncorr-similar-weights_07.ttp;359915
nrw1379_n4134_uncorr-similar-weights_07.ttp;346897
nrw1379_n4134_uncorr-similar-weights_07.ttp;359912
nrw1379_n4134_uncorr-similar-weights_07.ttp;346899
nrw1379_n4134_uncorr-similar-weights_07.ttp;359915
nrw1379_n4134_uncorr-similar-weights_07.ttp;359916
nrw1379_n4134_uncorr-similar-weights_07.ttp;359915
nrw1379_n4134_uncorr-similar-weights_07.ttp;359915
eil51_n150_uncorr_03.ttp;10618
eil51_n500_bounded-strongly-corr_07.ttp;79338
nrw1379_n13780_uncorr_03.ttp;1111179
nrw1379_n13780_uncorr_03.ttp;1137569
nrw1379_n13780_uncorr_03.ttp;1137565
nrw1379_n13780_uncorr_03.ttp;1137567
nrw1379_n13780_uncorr_03.ttp;1137564
nrw1379_n13780_uncorr_03.ttp;1111186
nrw1379_n13780_uncorr_03.ttp;1111178
nrw1379_n13780_uncorr_03.ttp;1137567
nrw1379_n13780_uncorr_03.ttp;1137566
nrw1379_n13780_uncorr_03.ttp;1137569
eil51_n500_bounded-strongly-corr_07.ttp;79338
nrw1379_n13780_uncorr_07.ttp;1542419
nrw1379_n13780_uncorr_07.ttp;1542420
nrw1379_n13780_uncorr_07.ttp;1542427
nrw1379_n13780_uncorr_07.ttp;1542423
nrw1379_n13780_uncorr_07.ttp;1542422
nrw1379_n13780_uncorr_07.ttp;1542417
nrw1379_n13780_uncorr_07.ttp;1542419
nrw1379_n13780_uncorr_07.ttp;1542425
nrw1379_n13780_uncorr_07.ttp;1542422
eil51_n500_bounded-strongly-corr_07.ttp;79338
nrw1379_n13780_bounded-strongly-corr_03.ttp;1695444
nrw1379_n13780_bounded-strongly-corr_03.ttp;1695473
nrw1379_n13780_bounded-strongly-corr_03.ttp;1633975
nrw1379_n13780_bounded-strongly-corr_03.ttp;1633976
nrw1379_n13780_bounded-strongly-corr_03.ttp;1695474
nrw1379_n13780_bounded-strongly-corr_03.ttp;1633987
nrw1379_n13780_bounded-strongly-corr_03.ttp;1695448
nrw1379_n13780_bounded-strongly-corr_03.ttp;1695439
nrw1379_n13780_bounded-strongly-corr_03.ttp;1695462
nrw1379_n13780_bounded-strongly-corr_03.ttp;1695457
eil51_n500_bounded-strongly-corr_07.ttp;79338
nrw1379_n13780_bounded-strongly-corr_07.ttp;2518996
nrw1379_n13780_bounded-strongly-corr_07.ttp;2519001
nrw1379_n13780_bounded-strongly-corr_07.ttp;2518990
nrw1379_n13780_bounded-strongly-corr_07.ttp;2518995
nrw1379_n13780_bounded-strongly-corr_07.ttp;2518996
nrw1379_n13780_bounded-strongly-corr_07.ttp;2420520
nrw1379_n13780_bounded-strongly-corr_07.ttp;2519005
nrw1379_n13780_bounded-strongly-corr_07.ttp;2519006
nrw1379_n13780_bounded-strongly-corr_07.ttp;2519000
eil51_n500_bounded-strongly-corr_07.ttp;79338
nrw1379_n13780_uncorr-similar-weights_03.ttp;771652
nrw1379_n13780_uncorr-similar-weights_03.ttp;771653
nrw1379_n13780_uncorr-similar-weights_03.ttp;771653
nrw1379_n13780_uncorr-similar-weights_03.ttp;771658
nrw1379_n13780_uncorr-similar-weights_03.ttp;755965
nrw1379_n13780_uncorr-similar-weights_03.ttp;755965
nrw1379_n13780_uncorr-similar-weights_03.ttp;755960
nrw1379_n13780_uncorr-similar-weights_03.ttp;755963
nrw1379_n13780_uncorr-similar-weights_03.ttp;771656
nrw1379_n13780_uncorr-similar-weights_03.ttp;771662
eil51_n500_bounded-strongly-corr_07.ttp;79338
nrw1379_n13780_uncorr-similar-weights_07.ttp;1163090
nrw1379_n13780_uncorr-similar-weights_07.ttp;1206075
nrw1379_n13780_uncorr-similar-weights_07.ttp;1163095
nrw1379_n13780_uncorr-similar-weights_07.ttp;1206081
nrw1379_n13780_uncorr-similar-weights_07.ttp;1206077
nrw1379_n13780_uncorr-similar-weights_07.ttp;1206075
nrw1379_n13780_uncorr-similar-weights_07.ttp;1206076
nrw1379_n13780_uncorr-similar-weights_07.ttp;1206074
nrw1379_n13780_uncorr-similar-weights_07.ttp;1206076
nrw1379_n13780_uncorr-similar-weights_07.ttp;1206083
eil51_n500_bounded-strongly-corr_07.ttp;79338
d2103_n6306_uncorr_03.ttp;570198
d2103_n6306_uncorr_03.ttp;562531
d2103_n6306_uncorr_03.ttp;562532
d2103_n6306_uncorr_03.ttp;562528
d2103_n6306_uncorr_03.ttp;570193
d2103_n6306_uncorr_03.ttp;570189
d2103_n6306_uncorr_03.ttp;570179
d2103_n6306_uncorr_03.ttp;570198
d2103_n6306_uncorr_03.ttp;562531
d2103_n6306_uncorr_03.ttp;570194
eil51_n500_bounded-strongly-corr_07.ttp;79338
d2103_n6306_uncorr_07.ttp;814968
d2103_n6306_uncorr_07.ttp;814969
d2103_n6306_uncorr_07.ttp;814969
d2103_n6306_uncorr_07.ttp;814969
d2103_n6306_uncorr_07.ttp;814967
d2103_n6306_uncorr_07.ttp;814967
d2103_n6306_uncorr_07.ttp;814965
d2103_n6306_uncorr_07.ttp;814965
d2103_n6306_uncorr_07.ttp;814963
d2103_n6306_uncorr_07.ttp;814970
eil51_n500_bounded-strongly-corr_07.ttp;79338
d2103_n6306_bounded-strongly-corr_03.ttp;807387
d2103_n6306_bounded-strongly-corr_03.ttp;807383
d2103_n6306_bounded-strongly-corr_03.ttp;807385
d2103_n6306_bounded-strongly-corr_03.ttp;807375
d2103_n6306_bounded-strongly-corr_03.ttp;807381
d2103_n6306_bounded-strongly-corr_03.ttp;807397
d2103_n6306_bounded-strongly-corr_03.ttp;807381
d2103_n6306_bounded-strongly-corr_03.ttp;807384
d2103_n6306_bounded-strongly-corr_03.ttp;807388
d2103_n6306_bounded-strongly-corr_03.ttp;803837
eil51_n500_bounded-strongly-corr_07.ttp;79338
d2103_n6306_bounded-strongly-corr_07.ttp;1258116
d2103_n6306_bounded-strongly-corr_07.ttp;1258143
d2103_n6306_bounded-strongly-corr_07.ttp;1258140
d2103_n6306_bounded-strongly-corr_07.ttp;1258144
d2103_n6306_bounded-strongly-corr_07.ttp;1259089
d2103_n6306_bounded-strongly-corr_07.ttp;1258140
d2103_n6306_bounded-strongly-corr_07.ttp;1258150
d2103_n6306_bounded-strongly-corr_07.ttp;1258145
d2103_n6306_bounded-strongly-corr_07.ttp;1259087
d2103_n6306_bounded-strongly-corr_07.ttp;1258135
